RelativeGap,CPU_time,Iteration
1.864745426395778,0.02802562713623047,1
0.48421203029200544,0.05505013465881348,2
0.19607749055416135,0.08207464218139648,3
0.09060009896559396,0.10909819602966309,4
0.13586926990668147,0.1361241340637207,5
0.06692115072258553,0.16414928436279297,6
0.1206663347771113,0.19216513633728027,7
0.04859981370214417,0.2211923599243164,8
0.07309823435709961,0.24921631813049316,9
0.0487752748771233,0.2792539596557617,10
0.04609810857828345,0.3062772750854492,11
0.03892707049264166,0.3332936763763428,12
0.029995949460730476,0.3603184223175049,13
0.027533896715874473,0.3873426914215088,14
0.02667281799900678,0.4143669605255127,15
0.017550167912096626,0.44239306449890137,16
0.017806507657868176,0.47041845321655273,17
0.016725748563291676,0.49744343757629395,18
0.016322596929193356,0.5244674682617188,19
0.010328392572255485,0.55149245262146,20
0.015413567388319116,0.5785171985626221,21
0.010250667716488415,0.6055412292480469,22
0.009295175716316217,0.6335668563842773,23
0.010674148011006857,0.6615922451019287,24
0.010257399557855873,0.6886260509490967,25
0.009109869796117609,0.7166519165039062,26
0.007570218656287597,0.7436761856079102,27
0.009408725377464178,0.7707004547119141,28
0.007170082461869898,0.797724723815918,29
0.011049441370056368,0.824749231338501,30
0.006285770794259404,0.8537759780883789,31
0.006952736479595156,0.8818013668060303,32
0.006519800576093582,0.9098258018493652,33
0.004616791220436012,0.9368407726287842,34
0.0036698543623121527,0.9638755321502686,35
0.006163448072192379,0.9919009208679199,36
0.005509654311876222,1.0199265480041504,37
0.004590432937632727,1.0479512214660645,38
0.00481452817877881,1.0749762058258057,39
0.0048470114465484215,1.1030020713806152,40
0.005432557874291533,1.1310276985168457,41
0.00507010541614239,1.1580519676208496,42
0.0037427588012635127,1.1860771179199219,43
0.004485234457837661,1.213102102279663,44
0.0038555684292795878,1.2401256561279297,45
0.0032411494066029167,1.2671501636505127,46
0.002795466498663135,1.294175148010254,47
0.003993839369764052,1.3211991786956787,48
0.004201382448114854,1.3482234477996826,49
0.0019711464519540645,1.3752484321594238,50
0.0036569435821782736,1.402273178100586,51
0.00471361568086337,1.4292972087860107,52
0.0024968743711182295,1.4563217163085938,53
0.0031697453621257754,1.48335599899292,54
0.002809492032334937,1.5103793144226074,55
0.003327126165543426,1.538395881652832,56
0.0025799489744515736,1.565420150756836,57
0.0028510347331696106,1.5924453735351562,58
0.0035068597859155837,1.6194698810577393,59
0.003109189716706151,1.646493673324585,60
0.0021874541733746256,1.6735191345214844,61
0.002353609581652316,1.700551986694336,62
0.0026108498515511336,1.7275760173797607,63
0.003254777420137245,1.7546007633209229,64
0.0018045068818390853,1.7826247215270996,65
0.0017563450109798762,1.81065034866333,66
0.0025151780617946873,1.8406875133514404,67
0.003272017795643567,1.8687126636505127,68
0.0013802203599566631,1.8957271575927734,69
0.001856459376642583,1.923753261566162,70
0.0024784563137509874,1.9507768154144287,71
0.0021055057566417013,1.9778013229370117,72
0.002385181495386135,2.0048258304595947,73
0.001594945067779685,2.0308496952056885,74
0.00222829566389815,2.0578744411468506,75
0.0019587220785306503,2.084899663925171,76
0.002549947527412,2.1119327545166016,77
0.0020258760911822105,2.139958620071411,78
0.001728879596512245,2.166992664337158,79
0.001985023738201974,2.1940083503723145,80
0.0017698400841024142,2.2220335006713867,81
0.001554120166593398,2.2490575313568115,82
0.0018157587689102694,2.2760820388793945,83
0.0019827923262158986,2.3031063079833984,84
0.0016024279261173113,2.3301310539245605,85
0.0017523998794493068,2.3571553230285645,86
0.0014295627704408176,2.383178949356079,87
0.0015333195222801965,2.4092018604278564,88
0.0017478613254817699,2.4362268447875977,89
0.0018839796054908042,2.4632513523101807,90
0.0011021052931168285,2.4902749061584473,91
0.0018137877576926975,2.5172996520996094,92
0.002071068298520329,2.5443243980407715,93
0.002063721353461334,2.5713486671447754,94
0.0011603203881087598,2.5983734130859375,95
0.0017344721269378915,2.6253983974456787,96
0.0016770617695367473,2.652423620223999,97
0.001064930344280679,2.6794474124908447,98
0.0018363546692325983,2.7064714431762695,99
0.0013283693777790262,2.73349666595459,100
0.001113822486764393,2.7605209350585938,101
0.0015246145203835493,2.787546157836914,102
0.0017918037690105582,2.814570188522339,103
0.0013899104555821218,2.8425960540771484,104
0.0015882704232472733,2.869619846343994,105
0.0011071890131715278,2.8956432342529297,106
0.0014489834819282343,2.9216673374176025,107
0.0012402064991747785,2.9486913681030273,108
0.0008278776710892721,2.976726531982422,109
0.0011674604742577532,3.0047521591186523,110
0.0013966139328140947,3.0327775478363037,111
0.0010112184104829058,3.060793161392212,112
0.0012300233562843044,3.0888187885284424,113
0.0014010630540584046,3.1158432960510254,114
0.0014070896158118185,3.1428678035736084,115
0.0015137014451216402,3.168891191482544,116
0.0012963081223646977,3.194915533065796,117
0.0011379445943382471,3.221940040588379,118
0.0014237208217897646,3.2489640712738037,119
0.0011140240605107543,3.274986505508423,120
0.0011863804030418645,3.302011251449585,121
0.0011065164901900015,3.329035758972168,122
0.0009607250367500431,3.356060743331909,123
0.0012119841409106158,3.383084774017334,124
0.0011265814111796058,3.4161152839660645,125
0.0012438285022025042,3.4431397914886475,126
0.0006313584680102124,3.471165657043457,127
0.001331294443339015,3.4971883296966553,128
0.001091974247034555,3.5232126712799072,129
0.0007252333712921555,3.5502371788024902,130
0.0011243275852064194,3.576260566711426,131
0.0013532119771697548,3.6032848358154297,132
0.0008843280038877133,3.630309581756592,133
0.0008869473289696561,3.657334327697754,134
0.0011336659887037914,3.6833584308624268,135
0.0007121552188658065,3.7103824615478516,136
0.0012407344036049484,3.7374067306518555,137
0.001279148655102258,3.763429880142212,138
0.0011574037418755623,3.7904553413391113,139
0.0008012375121679849,3.817478895187378,140
0.0009478334719272841,3.844503164291382,141
0.000883813725510274,3.8715286254882812,142
0.0008780778325709893,3.898552656173706,143
0.0008442764031442174,3.925577402114868,144
0.0011628530646021762,3.9526021480560303,145
0.001226472592132044,3.979626178741455,146
0.0008737601559369867,4.007652044296265,147
0.0007686725925113436,4.03568696975708,148
0.001237072387963556,4.063702821731567,149
0.0011123796074541392,4.0907275676727295,150
0.0009375614324800274,4.117751598358154,151
0.0008887739276322026,4.144775867462158,152
0.0009434548505116158,4.1718010902404785,153
0.0008903689498565015,4.198824882507324,154
0.0007783709295177133,4.225849628448486,155
0.0008677794983071863,4.253875732421875,156
0.00066059458879697,4.280909299850464,157
0.0008553240992179578,4.307933807373047,158
0.0011307727628238062,4.334957599639893,159
0.0009714891597363273,4.362983226776123,160
0.0005745679618980315,4.391009330749512,161
0.0008566352750367656,4.419034957885742,162
0.0010400276277595655,4.446059226989746,163
0.0006433918814143791,4.473084449768066,164
0.0009268479644939376,4.50110936164856,165
0.0010650729377008616,4.529135465621948,166
0.0006855898536846095,4.5561511516571045,167
0.000828408975668049,4.583174705505371,168
0.0006029076837397174,4.610199689865112,169
0.0006634812000019252,4.636223793029785,170
0.0009579103916197429,4.6622467041015625,171
0.001043544284276443,4.6892712116241455,172
0.0004478709673794157,4.7162957191467285,173
0.0007825998497568154,4.74332070350647,174
0.0008593494056381434,4.769344091415405,175
0.0005647662498393657,4.796368837356567,176
0.0010351609919854177,4.823393821716309,177
0.0009258970875034578,4.850418567657471,178
0.0007447495931651726,4.877443075180054,179
0.0008215306079446538,4.904466867446899,180
0.0006484130845907377,4.9314916133880615,181
0.0007990179276102793,4.958516359329224,182
0.000630528119016871,4.9855406284332275,183
0.000797217516297577,5.0125648975372314,184
0.000826299175959111,5.039589881896973,185
0.001034686294351328,5.066615104675293,186
0.0006017071276078756,5.093639373779297,187
0.0007773259024244084,5.119662523269653,188
0.0006944969791606859,5.1466875076293945,189
0.0007705788152376769,5.173711538314819,190
0.0007873585752160572,5.201736688613892,191
0.0005090096761510843,5.2287609577178955,192
0.000884126003737773,5.2557854652404785,193
0.0006390420688719978,5.282809019088745,194
0.0005632504233501479,5.309834718704224,195
0.0005712205728007902,5.337859869003296,196
0.0006662149956968566,5.364884614944458,197
0.000881153433330617,5.391900539398193,198
0.0006605429600610169,5.417923212051392,199
0.0005269082061567509,5.4439475536346436,200
0.0009035052763100015,5.4709718227386475,201
0.0009036461126226136,5.49699592590332,202
0.0006244091767366733,5.524020433425903,203
0.0006528502063904984,5.550043821334839,204
0.0006218220159852628,5.577068567276001,205
0.0006111944368252242,5.604092836380005,206
0.0006550157654505728,5.631117582321167,207
0.000520022739093351,5.65814208984375,208
0.0005937792967813937,5.684165954589844,209
0.0006911198613839264,5.710189580917358,210
0.0005830846706844639,5.736213684082031,211
0.0006065626227547138,5.763237714767456,212
0.0006007939885717128,5.790262937545776,213
0.0005829432990041017,5.817286968231201,214
0.0006103314049894504,5.843310356140137,215
0.00059812723197461,5.870335578918457,216
0.0007123250695399985,5.897359371185303,217
0.0004632598108802455,5.925394773483276,218
0.0008575296556301293,5.952418327331543,219
0.000544652669202117,5.979442119598389,220
0.0006668106250711237,6.00645637512207,221
0.0005756284541313939,6.0334813594818115,222
0.0005512168291490482,6.0605058670043945,223
0.0005456673776202958,6.0875303745269775,224
0.00047135501586903494,6.11455512046814,225
0.000626995713094658,6.1415791511535645,226
0.0005317673121412181,6.167602062225342,227
0.0007109812693628648,6.195627450942993,228
0.00046374062317533493,6.222651720046997,229
0.0007663125477821442,6.24967622756958,230
0.0005891376615838606,6.276700735092163,231
0.0004094754106853671,6.303725957870483,232
0.0006956015971981699,6.330751180648804,233
0.000691569333084896,6.35777473449707,234
0.0005322774098941441,6.3847997188568115,235
0.0004429261070781898,6.411824703216553,236
0.0005563731329667476,6.437848329544067,237
0.0005952914161719836,6.465883493423462,238
0.0005833879293102306,6.493900775909424,239
0.0005125585844720781,6.520933389663696,240
0.0006645428775442497,6.548958778381348,241
0.0005336318984621169,6.575982570648193,242
0.0006428707934311717,6.603007078170776,243
0.0005625811409240011,6.631032705307007,244
0.000563500492924307,6.6580564975738525,245
0.0004864973865053024,6.686082601547241,246
0.0006362738573346682,6.714107990264893,247
0.00046253501112247797,6.74212384223938,248
0.0004549955871067102,6.76915717124939,249
0.00046699272139072434,6.796181917190552,250
0.000585927516432827,6.823206424713135,251
0.00041260138988130635,6.851232051849365,252
0.0005559827026087039,6.879247665405273,253
0.0005381777346635808,6.906282663345337,254
0.000459931498524746,6.933307409286499,255
0.0007541624532416691,6.961332082748413,256
0.0003124966850487354,6.988347053527832,257
0.0003782084070076408,7.014370441436768,258
0.0006609399160626417,7.041395425796509,259
0.0004345446491336169,7.068420171737671,260
0.0005815400875783805,7.096436500549316,261
0.00046132606257098807,7.1234612464904785,262
0.0006177919972270018,7.1504857540130615,263
0.00033673228989949955,7.1775102615356445,264
0.000624996295969682,7.204535245895386,265
0.0006350021988339449,7.2305588722229,266
0.0003678625524399237,7.257582426071167,267
0.00031316414542481574,7.283606052398682,268
0.0005012508482622469,7.309629440307617,269
0.0005098248828192542,7.336653470993042,270
0.0004980038297504041,7.363678216934204,271
0.0006820470789583588,7.390702724456787,272
0.0004733639578096138,7.41772723197937,273
0.00048241233278334406,7.444751739501953,274
0.000478082637552113,7.471776485443115,275
0.0004206628811620483,7.497799873352051,276
0.0004066086968166349,7.524824619293213,277
0.0005358116423208603,7.550848007202148,278
0.0005203837957181712,7.5778727531433105,279
0.00046081371215933586,7.603895664215088,280
0.0005672269919916317,7.6299192905426025,281
0.0005863854018728354,7.655943393707275,282
0.00038736437236508436,7.682966947555542,283
0.000339880195138198,7.709991931915283,284
0.0005030342085001749,7.737016201019287,285
0.00039473647601551143,7.764040946960449,286
0.0004942035267387901,7.791064977645874,287
0.0005445761045888009,7.818089723587036,288
0.00031536590906067197,7.845114469528198,289
0.0005095287007141902,7.872138977050781,290
0.00038035686113491174,7.898162364959717,291
0.0005899782267810849,7.9241859912872314,292
0.0003390012498247774,7.9512104988098145,293
0.0003509567637502986,7.978235483169556,294
0.00048659037571718855,8.00525975227356,295
0.0004046576955718528,8.032284021377563,296
0.000532176563386999,8.062320947647095,297
0.0004791812945843521,8.091347455978394,298
0.00042681451111903357,8.119372844696045,299
0.0004070800701065913,8.147398471832275,300
0.0003308027232502564,8.175423860549927,301
0.00041351727448835085,8.20244812965393,302
0.0004650325034969427,8.229473352432251,303
0.0003990061832956915,8.256498575210571,304
0.0004922830046933946,8.283523797988892,305
0.0004548255463563411,8.311548709869385,306
0.0005310917877259236,8.339576244354248,307
0.0005257443746327084,8.367599964141846,308
0.0004948053714679546,8.395625591278076,309
0.0003135730808654369,8.423641443252563,310
0.00029630304600036794,8.450666666030884,311
0.0004117892426303005,8.476689577102661,312
0.00040082109909600483,8.503714323043823,313
0.0005165685159149724,8.53074836730957,314
0.0003861820559099005,8.557772159576416,315
0.00034851072143271544,8.585798263549805,316
0.0004398148463797824,8.612812995910645,317
0.0002727328990745903,8.639838457107544,318
0.000357013875754264,8.665861368179321,319
0.000499330131469522,8.69188380241394,320
0.0004538165668981353,8.718908309936523,321
0.0003379591674859128,8.744931936264038,322
0.0005382473456676529,8.770955801010132,323
0.0003408723636117994,8.797980308532715,324
0.0003765111510807273,8.825005292892456,325
0.0004404175718155656,8.851028680801392,326
0.0005499480894071151,8.878053903579712,327
0.0004640642284841068,8.905077934265137,328
0.0005245130148654464,8.93210244178772,329
0.0003527898865058887,8.959126710891724,330
0.00037213768492128096,8.986151456832886,331
0.0003644991492786076,9.01317572593689,332
0.000443688036931178,9.04020071029663,333
0.00037041435171403236,9.067224979400635,334
0.00031648057992139655,9.094258069992065,335
0.0004355056432345794,9.122284412384033,336
0.00045932902953227384,9.149299383163452,337
0.0002608125979481901,9.176324605941772,338
0.00029154943916420706,9.203348636627197,339
0.0004821985328937739,9.230373859405518,340
0.00036937765566502634,9.256397485733032,341
0.000254281070609208,9.282420873641968,342
0.0004013563202378556,9.310456037521362,343
0.00034219976043003975,9.337480545043945,344
0.0005100167446838721,9.365496397018433,345
0.00042618147339257284,9.391520261764526,346
0.000362046919408332,9.418545007705688,347
0.0005325997321834475,9.445569515228271,348
0.00041762567469616485,9.472593784332275,349
0.0002719473929895244,9.49961805343628,350
0.0002712903685173629,9.52664303779602,351
0.00036867400517048843,9.553667545318604,352
0.0003620383752120926,9.580691576004028,353
0.0002974294758120166,9.607715606689453,354
0.00037381687669091335,9.633738994598389,355
0.0003282589350153131,9.660763502120972,356
0.0004885861267283076,9.686787605285645,357
0.0003676091154922734,9.713810443878174,358
0.00030609723966512625,9.739834308624268,359
0.00033567158059955027,9.768861293792725,360
0.00031147078029647446,9.79588508605957,361
0.00035582621002672177,9.82291030883789,362
0.00039973484301825124,9.849934101104736,363
0.0004387244274177693,9.876958847045898,364
0.0003175958028502901,9.903983116149902,365
0.00031086744964547997,9.931007862091064,366
0.0004585483854404604,9.957032203674316,367
0.000301392409022716,9.98305606842041,368
0.0002861420561286465,10.010080814361572,369
0.00032646321696883085,10.037105560302734,370
0.0003723190682476396,10.06412959098816,371
0.0002610349929144107,10.090152978897095,372
0.000333933820902077,10.117177486419678,373
0.0004979245496539164,10.14420199394226,374
0.0003849220933107578,10.171226739883423,375
0.00034969566565323795,10.198251724243164,376
0.0003525641247308364,10.224275588989258,377
0.00028136014112911667,10.251300573348999,378
0.00033283491689006794,10.278324365615845,379
0.00029166471139352446,10.305349111557007,380
0.00040926610388614115,10.33237361907959,381
0.00023241848333688253,10.358397483825684,382
0.00035915976415457074,10.385422706604004,383
0.00031578873870863333,10.41244649887085,384
0.000307740709255766,10.439471244812012,385
0.00026726956639433475,10.466495990753174,386
0.0004116737558081951,10.493520498275757,387
0.00035281078593096815,10.521546125411987,388
0.0003749190783826073,10.547569274902344,389
0.00021578352626572261,10.573592901229858,390
0.00039657179442542656,10.599616050720215,391
0.0004718230631013398,10.625639915466309,392
0.0002397012598009951,10.65266489982605,393
0.0002789994974545795,10.679688930511475,394
0.0003458513605480995,10.706713438034058,395
0.00040441189232587327,10.73373818397522,396
0.0003294364741783795,10.760762929916382,397
0.00028698263925974743,10.787787675857544,398
0.0002666262464041669,10.815813302993774,399
0.00032904341551764915,10.842845916748047,400
0.00023436653805175567,10.870872020721436,401
0.00036246022141050993,10.898889303207397,402
0.00034258969717249066,10.926913976669312,403
0.00021230146818118634,10.953938007354736,404
0.0003642618099644057,10.98096251487732,405
0.00026938894126726787,11.006985664367676,406
0.00027023756360877726,11.033008813858032,407
0.00043235373838412805,11.061034440994263,408
0.0003798704698587674,11.088058948516846,409
0.0002505248456246001,11.115084171295166,410
0.0002711486541167041,11.142107963562012,411
0.0003597045143597377,11.169132709503174,412
0.0003606682337895517,11.196157455444336,413
0.00030543861656795457,11.22318172454834,414
0.0002533311067001165,11.25120759010315,415
0.00039937292962211046,11.277230501174927,416
0.00036072571831957667,11.304263830184937,417
0.0003274107490676137,11.33128833770752,418
0.00022599233931486218,11.358313798904419,419
0.00025971494301768594,11.38509225845337,420
0.00038507466430437454,11.41211748123169,421
0.0003038257043084247,11.440133810043335,422
0.0003390046737163921,11.467158317565918,423
0.0003032409725738372,11.494182109832764,424
0.00033386833435034013,11.521206617355347,425
0.00032415231413240875,11.549232006072998,426
0.00024228412745253003,11.576257228851318,427
0.0003502460031330479,11.603281259536743,428
0.00022439433012744203,11.629304647445679,429
0.00039732058923358515,11.656329154968262,430
0.00033835731965981,11.683362245559692,431
0.0002010026176022528,11.711388349533081,432
0.00030517602196145077,11.739414930343628,433
0.0002600928545117842,11.766438245773315,434
0.00026416948302654397,11.793462753295898,435
0.0003990585079700626,11.82148814201355,436
0.0002470795297853101,11.849513530731201,437
0.0002342220949835827,11.87753939628601,438
0.0003768004842119588,11.905555248260498,439
0.00031845823119858174,11.93358039855957,440
0.0003363125420248192,11.961605787277222,441
0.00023346297250537162,11.989640951156616,442
0.00025218466212018065,12.016656398773193,443
0.00032509911282452286,12.043680191040039,444
0.00037512210271883895,12.070704460144043,445
0.00034088421630174004,12.097738027572632,446
0.0002305718501784959,12.124762535095215,447
0.00027667706486034227,12.152787923812866,448
0.0002678577001364868,12.180814266204834,449
0.0003289785347633245,12.208839654922485,450
0.0002381644430631269,12.235863208770752,451
0.00026996374161902814,12.26388931274414,452
0.00033002744230503644,12.290913343429565,453
0.00030700747413758833,12.318938732147217,454
0.00033270627624681914,12.345963478088379,455
0.0003476383224136903,12.3729887008667,456
0.00023973427345369558,12.401013612747192,457
0.0002168991855091562,12.429039239883423,458
0.0002461048165618429,12.457065343856812,459
0.000289826729895859,12.484081029891968,460
0.0002352337506714708,12.510104417800903,461
0.0002975996765404165,12.536137580871582,462
0.0003727794864112344,12.56316089630127,463
0.00020444736064106905,12.591187000274658,464
0.00029608322155372235,12.619211912155151,465
0.00028045484012939603,12.64622712135315,466
0.00024729116385580063,12.673252582550049,467
0.0002692506012700324,12.700276851654053,468
0.00024801292812615117,12.727301359176636,469
0.0003537247176013114,12.75432562828064,470
0.0003062576693031449,12.781350135803223,471
0.00018369677788698802,12.808374404907227,472
0.00019316313793904527,12.83539891242981,473
0.00025884553238042507,12.862423658370972,474
0.00029643814144453273,12.889447927474976,475
0.00024574228806351073,12.9164719581604,476
0.00030436744001027805,12.9434974193573,477
0.0002961692257665849,12.970521211624146,478
0.00021047854492906026,12.997545957565308,479
0.00030509379634890976,13.02457070350647,480
0.00031020696740169384,13.051595449447632,481
0.0002429762633444632,13.078619480133057,482
0.00023966674878606042,13.10564398765564,483
0.00019314464159725375,13.132668495178223,484
0.0002850305198689451,13.159692764282227,485
0.0003078385374681858,13.185716390609741,486
0.0002241371942663939,13.211739540100098,487
0.00028872874998575604,13.23876404762268,488
0.00027560964282669076,13.265788793563843,489
0.0002555697573216609,13.292813539505005,490
0.0003089308254251577,13.319838047027588,491
0.00020794346788455265,13.346862316131592,492
0.0002602485895699669,13.373885869979858,493
0.0002690971072207837,13.399909734725952,494
0.000295031173565663,13.426934480667114,495
0.00024513753729293875,13.453959465026855,496
0.00020489754822627937,13.480983972549438,497
0.00032588419413337455,13.508009195327759,498
0.00025577819302680105,13.535049200057983,499
0.00024872772483353067,13.563058853149414,500
0.00023746861640439043,13.590083122253418,501
0.00021824166005246504,13.617107152938843,502
0.0002929469645194249,13.644131422042847,503
0.00022340641534812633,13.67115592956543,504
0.000331859273254409,13.698180437088013,505
0.00026780560961148225,13.725205659866333,506
0.0002583516370229244,13.752229452133179,507
0.00030137864520751734,13.779254674911499,508
0.0002505803454730948,13.806278944015503,509
0.00024466885987295406,13.833303928375244,510
0.0002194315715042805,13.860327959060669,511
0.0002557203553659182,13.887352466583252,512
0.00025768222647304384,13.913376092910767,513
0.0002267247495653102,13.940399646759033,514
0.00027277441363882104,13.966423034667969,515
0.0003025744017408627,13.99344801902771,516
0.0002392056983229196,14.020472049713135,517
0.00018650810444387211,14.047497034072876,518
0.0002958751929673653,14.074521541595459,519
0.00019666257033512657,14.101546049118042,520
0.00024106455861416798,14.127570390701294,521
0.0002258417924907441,14.15359377861023,522
0.000295682372865258,14.179616689682007,523
0.0002628293509732149,14.205639362335205,524
0.00019003881539436662,14.232663631439209,525
0.0002617262436706014,14.25868844985962,526
0.0002779184458352457,14.285713195800781,527
0.00028963817002147785,14.313738107681274,528
0.00019735867456716072,14.340762615203857,529
0.00026632238183132984,14.366786241531372,530
0.00018081690625271207,14.392810106277466,531
0.00019081961970157657,14.41883373260498,532
0.000278138253384963,14.445857763290405,533
0.00021377109980202924,14.472882986068726,534
0.00026860660188798846,14.499906778335571,535
0.0002784332966583314,14.52693223953247,536
0.00022113024101155787,14.553956270217896,537
0.00028608353898373906,14.5809805393219,538
0.00022011092167573132,14.60800552368164,539
0.0002607076716427681,14.635030031204224,540
0.00020520947057134364,14.662054777145386,541
0.00025057348016699343,14.68907880783081,542
0.0002565387348638648,14.716103315353394,543
0.0003349908737755314,14.743137121200562,544
0.0002043280562777916,14.77116322517395,545
0.0002583981443531336,14.798187494277954,546
0.00025016188967996733,14.82521104812622,547
0.00017162830712513788,14.852235555648804,548
0.0002453103239243859,14.879260063171387,549
0.00024553206138611117,14.905283689498901,550
0.00026010415400490317,14.932307958602905,551
0.00025879081305002494,14.959332704544067,552
0.000194533024540533,14.98635745048523,553
0.00033990762660640605,15.013381958007812,554
0.0002467957924212616,15.040406465530396,555
0.000228265591988297,15.0674307346344,556
0.0002143011090067759,15.09545612335205,557
0.000251490980249125,15.121479988098145,558
0.000271778346105922,15.14951491355896,559
0.00019783778075566083,15.176539182662964,560
0.0001993802212856277,15.204555749893188,561
0.0002503921294247924,15.23158049583435,562
0.00021825243155060292,15.258605003356934,563
0.00021236834568649776,15.285629510879517,564
0.0002568307070076603,15.313664674758911,565
0.00019455849496119448,15.340678930282593,566
0.00017472947884145107,15.368714570999146,567
0.0001913494954874917,15.395739316940308,568
0.0002844200554046328,15.422764778137207,569
0.00026857576245098436,15.450789213180542,570
0.00025326452462182125,15.477814674377441,571
0.00017655478816447356,15.505840301513672,572
0.0001543176069989105,15.532864570617676,573
0.0002793878551785589,15.559879779815674,574
0.00017420206053930798,15.587904930114746,575
0.00021928015721361938,15.614928483963013,576
0.00023758925112327134,15.641952991485596,577
0.0002210454603088774,15.668977975845337,578
0.00018728525910449711,15.69600224494934,579
0.0002502854236767771,15.723026514053345,580
0.00023849150202526204,15.750051259994507,581
0.0002822749558877291,15.777076005935669,582
0.00022608288661030151,15.804100275039673,583
0.00014408606266158586,15.831125497817993,584
0.00022463208646361643,15.85714840888977,585
0.00027366866176103954,15.883171558380127,586
0.00022616236353600883,15.910196781158447,587
0.0001780466150829163,15.937220573425293,588
0.00022391396658538731,15.964245319366455,589
0.0001865063576012016,15.991270303726196,590
0.0002660695720551054,16.018295288085938,591
0.0002609128632633517,16.0453200340271,592
0.00010147533910687123,16.072344303131104,593
0.00024373637131502868,16.099368810653687,594
0.00018207346022758308,16.12639284133911,595
0.00023133296115496194,16.153416633605957,596
0.0002488844542452018,16.18044114112854,597
0.00031095779378631505,16.207476139068604,598
0.00025093608433501835,16.234500885009766,599
0.0001735211661955116,16.262526273727417,600
0.00019146493120092423,16.289549827575684,601
0.00017333037520206318,16.316574573516846,602
0.00024839610719484817,16.344600677490234,603
0.00016775348832887005,16.371625185012817,604
0.00022823893259937833,16.399641275405884,605
0.0002553256634136858,16.42667531967163,606
0.00023364339792308897,16.453700065612793,607
0.00020123669833127522,16.48072385787964,608
0.00021334261739869298,16.508749961853027,609
0.00020868155569297997,16.53577423095703,610
0.0002200464013866199,16.56278920173645,611
0.00019686078691449893,16.589813709259033,612
0.00018265638702463782,16.616838216781616,613
0.0002592059834867211,16.6438627243042,614
0.00023078215946137348,16.670886993408203,615
0.00013264471825014112,16.697911262512207,616
0.0002193931633851509,16.72493600845337,617
0.00018208176814105137,16.751960277557373,618
0.0001718310698672898,16.778985023498535,619
0.0002698031452583738,16.806009531021118,620
0.0002177180740532414,16.83203363418579,621
0.00021515453236631288,16.858057260513306,622
0.00022551057211606107,16.88408088684082,623
0.00022468072787895643,16.911105632781982,624
0.0002427090425500822,16.93712830543518,625
0.0001830275149319327,16.964152574539185,626
0.00023758171645149595,16.99117875099182,627
0.00018940778508058642,17.01820182800293,628
0.00022861407697782887,17.04522681236267,629
0.00023432601213624338,17.072251081466675,630
0.0001380000032442652,17.099276065826416,631
0.0002013574974448762,17.12629985809326,632
0.0001426240725312944,17.153324365615845,633
0.00023332720789670525,17.180349111557007,634
0.00021913024607700393,17.20737361907959,635
0.00017660402915997686,17.233397006988525,636
0.00019510995555815924,17.260421991348267,637
0.0001887143626835286,17.28744649887085,638
0.00019439827293843415,17.314471006393433,639
0.0002234524139705929,17.341495990753174,640
0.0002405757613570536,17.368520498275757,641
0.0002121480424766009,17.39554524421692,642
0.00011507140372968294,17.422569036483765,643
0.00022121855300150095,17.449593782424927,644
0.00023301051086610514,17.47661805152893,645
0.00023812841916215355,17.503642797470093,646
0.00017349216114626032,17.530667304992676,647
0.00022067500514011407,17.557692050933838,648
0.00014208055581810264,17.584716320037842,649
0.00018710014004974518,17.610740423202515,650
0.00020035693476971872,17.63676381111145,651
0.00017195473880149414,17.662786722183228,652
0.00015157657341080544,17.68981099128723,653
0.00020509117892397732,17.717845678329468,654
0.0002556160004583141,17.74487018585205,655
0.00019784606720785192,17.771894693374634,656
0.00018690150334621514,17.798919200897217,657
0.0002344074341207314,17.826944589614868,658
0.0001525991480708644,17.85396981239319,659
0.00019517070803587444,17.880993843078613,660
0.00017362987764779625,17.908018112182617,661
0.0001675321810714614,17.935043334960938,662
0.00023370327043403805,17.96306872367859,663
0.00021764484952924157,17.990093231201172,664
0.00016227657571077359,18.018127918243408,665
0.0002318738445163948,18.045143127441406,666
0.00020268785559540703,18.072168111801147,667
0.0001341704584534309,18.098191738128662,668
0.0001774158015648286,18.12421488761902,669
0.00022019516281357454,18.150238275527954,670
0.00019337658233120614,18.17626166343689,671
0.00014266910917992703,18.202284336090088,672
0.00024109242270564657,18.22930908203125,673
0.00020292460773729815,18.255332708358765,674
0.00014010689159471568,18.28235626220703,675
0.00016651178787174814,18.308380365371704,676
0.00025556133559723193,18.335405111312866,677
0.00019952315258442432,18.361428022384644,678
0.0002188709376722553,18.388452529907227,679
0.00018715335403918232,18.41547727584839,680
0.0002101083154704142,18.442501544952393,681
0.00016313903221143455,18.469526052474976,682
0.00015172680864483645,18.49655055999756,683
0.0002352676928940589,18.52357506752014,684
0.0001705025745670774,18.550599336624146,685
0.00019020600404706656,18.577624320983887,686
0.0001421003441905988,18.60464882850647,687
0.00015032428885408677,18.631672859191895,688
0.00017718031032343262,18.658697366714478,689
0.00020052644758128402,18.685722827911377,690
0.00019760863595008615,18.71374750137329,691
0.0002290115651686353,18.740771770477295,692
0.0001950127280754277,18.767796754837036,693
0.00013929427505154912,18.79482126235962,694
0.00020735859284104485,18.820844650268555,695
0.00014483976538226528,18.848870038986206,696
0.00019329871915818586,18.87489414215088,697
0.00014316252817714314,18.901918172836304,698
0.0002444089841058261,18.928942918777466,699
0.00021663521394832408,18.955976247787476,700
0.00021125349412254302,18.984002351760864,701
0.00020306430230609962,19.012027978897095,702
0.00017489164402539892,19.039042949676514,703
0.00020175562563329308,19.066067218780518,704
0.00014617354529367077,19.094093084335327,705
0.00011956722105921358,19.120116472244263,706
0.00016648141329267396,19.146140098571777,707
0.00019780391858104096,19.17316484451294,708
0.00017756523575007677,19.20018982887268,709
0.00016994212635568218,19.227213382720947,710
0.0002211878746896101,19.25423812866211,711
0.00014244931662399374,19.28126335144043,712
0.00014835917081490457,19.308288097381592,713
0.00016453688187234583,19.33531165122986,714
0.00018355054684371375,19.361335515975952,715
0.00026158264910325357,19.387359380722046,716
0.00019995728053290307,19.413383722305298,717
0.00013306231365928234,19.44040846824646,718
0.00023094626532338403,19.467432498931885,719
0.0001777793956621032,19.494457006454468,720
0.0001468063422045418,19.52148151397705,721
0.00018387612570469614,19.547505140304565,722
0.00014654802871150174,19.5735285282135,723
0.0002137740107375219,19.599551916122437,724
0.00021537544084049287,19.625575304031372,725
8.967176344265582e-05,19.65260100364685,726
